9	2 Handed Kettlebell Swing
12	Seated Hip Adduction
20	Arnold Shoulder Press
31	Axe Hold
41	Barbell Ab Rollout
43	Barbell Hack Squats
46	Barbell Lunges Standing
48	Barbell Reverse Wrist Curl
51	Barbell Wrist Curl
56	Abdominal Stabilization
57	Bear Walk 2
71	Single Leg Extension
79	Bent High Pulls
81	Bent Over Dumbbell Rows
82	Bent-over Lateral Raises
84	Bent Over Rowing Reverse
94	Biceps Curls With SZ-bar
95	Biceps Curl With Cable
112	Body-Ups
124	Braced Squat
129	Chest Press
135	Butterfly
137	Butterfly Narrow Grip
139	Butterfly Reverse
142	Cable External Rotation
145	Cable Woodchoppers
148	Calf Raises on Hackenschmitt Machine
158	Close-grip Lat Pull Down
165	Ball crunches
172	Crunches on Machine
173	Crunches With Cable
178	Deadbug
182	Deadhang
186	Decline Bench Press Dumbbell
189	Deficit Deadlift
193	Diagonal Shoulder Press
197	Dips Between Two Benches
202	Dumbbell Concentration Curl
203	Dumbbell Goblet Squat
204	Dumbbell Incline Curl
205	Dumbbell Lunges Standing
206	Dumbbell Lunges Walking
208	Dumbbells on Scott Machine
211	Dumbbell Triceps Extension
222	Facepull
235	Flutter Kicks
237	Fly With Cable
245	Skullcrusher Dumbbells
246	Skullcrusher SZ-bar
257	Front Squats
258	Front pull wide
259	Front Pull narrow
260	Full Sit Outs
265	Glute Bridge
275	Hammercurls on Cable
279	Hand Grip
282	Handstand Pushup
284	Hercules Pillars
285	High Knee Jumps
289	High Pull
291	Hindu Squats
292	Hip Raise, Lying
294	Hip Thrust
310	Incline Dumbbell Row
312	Incline Plank With Alternate Floor Touch
314	Isometric Wipers
319	Jogging
323	Cable Cross-over
341	Squats on Multipress
346	Landmine press
349	Lateral Rows on Cable, One Armed
351	Lateral-to-Front Raises
364	Leg Curl
365	Leg Curls (laying)
366	Leg Curls (sitting)
367	Leg Curls (standing)
369	Leg Extension
371	Leg Press
373	Leg Presses (narrow)
374	Leg Presses (wide)
375	Leg Press on Hackenschmidt Machine
377	Leg Raises, Lying
379	Leverage Machine Chest Press
380	Leverage Machine Iso Row
382	L Hold
395	Long-Pulley, Narrow
397	Low Box Squat - Wide Stance
406	Lying Rotator Cuff Exercise
418	Military Press mit SZ-Bar
427	Negative Crunches
439	Overhand Cable Curl
441	Overhead Squat
445	Pause Bench
448	Pendelay Rows
468	Prone Scapular Retraction - Arms at Side
477	Pull Ups on Machine
478	Push Press
484	Rack Deadlift
487	Rear Delt Raises
490	Renegade Row
493	Reverse Bar Curl
498	Reverse Grip Bench Press
500	Reverse Plank
501	Ring Dips
505	Roman Chair Crunch
507	Romanian Deadlift
508	Row
510	Rowing, Lying on Bench
512	Rowing seated, narrow grip
513	Rowing, T-bar
516	Front Wood Chop
527	Run
529	Run - Interval Training
543	Shoulder Press, on Machine
545	Scissors
556	Side Bends on Machine
562	Shotgun Row
566	Shoulder Press, Barbell
567	Shoulder Press, Dumbbells
569	Shoulder Press, on Multi Press
572	Shrugs, Dumbbells
575	Shrugs on Multipress
576	Side Crunch
578	Side-lying External Rotation
584	Single-arm Preacher Curl
590	Sitting Calf Raises
595	Skipping - Standard
598	Smith Machine Close-grip Bench Press
599	Snatch
604	Speed Deadlift
614	Squat Jumps
621	Standing Bicep Curl
623	Standing Rope Forearm
624	Stationary Bike
627	Stiff-legged Deadlifts
628	Straight-arm Pull Down (bar Attachment)
629	Straight-arm Pull Down (rope Attachment)
630	Sumo Deadlift
636	Superman
650	Thruster
655	Tricep Dumbbell Kickback
659	Triceps Extensions on Cable
660	Triceps Extensions on Cable With Bar
661	Triceps on Machine
672	Trunk Rotation With Cable
674	Rowing with TRX band
675	Turkish Get-Up
683	Power Clean
684	Underhand Lat Pull Down
687	Overhead Press
688	Upper External Oblique
691	Upright Row, on Multi Press
693	Upright Row, SZ-bar
694	Upright Row w/ Dumbbells
695	V-Bar Pulldown
711	Wall Handstand
713	Wall Pushup
722	Weighted Step-ups
723	Wide-grip Pulldown
802	Barbell Lunges Walking
803	One Arm Triceps Extensions on Cable
804	Sloper hanging
820	Fingerboard 20 mm edge
821	Pullup on fingerboard
822	Cable Rear Delt Fly
909	Reverse Nordic Curl
910	Nordic Curl
911	Incline Skull Crush
912	Straight Bar Cable Curls
913	Reverse Preacher Curl (Close Grip)
914	Reverse EZ Bar Cable Curls
915	Bus Drivers
916	Smith Press
917	Straight Bar Cable Front Raise
918	Seated Dumbbell Side Lateral
919	T-Bar row
922	Seated Cable Mid Trap Shrug
923	Lying Dumbbell Row SS Seated Shrug
925	Smith Machine Slight Incline Press
957	Quadriped Arm and Leg Raise
961	Swimming 50m sprints
1012	Alternating bicep curls
1013	Left levator scapulae stretch
1014	Right levator scapulae stretch
1015	Clockwise neck circles
1016	Counterclockwise neck circles
1017	Neck half circles
1018	Head tilts
1027	Elevated prayer stretch
1028	Quadruped thoracic rotation left
1029	Quadruped thoracic rotation right
1080	Hindu Pushups
1081	Shoulder dislocates
1082	Bent over row to external rotation
1083	YWTs
1084	Dumbbell Floor Press
1086	Close-grip Press-ups
1087	Dumbbell Hang Power Cleans
1088	Dumbbell sumo deadlift
1093	Rowing Machine
1094	Seated Bench Press
1096	Abduction while standing
1098	Seated rear delt rise
1099	Dynamic side hold
1100	Wall balls
1104	Walking
1105	Seated Knee Tuck
1109	Cable Concentration Curl
1112	Push-Ups | Decline
1113	Push-Ups | Parallettes
1115	3D lunge warmup
1116	Dumbbell farmer's carry
1119	Remo maquina agarre estrecho
1120	Remo maquina agarre estrecho supino
1125	Wide-grip supinated lat pulldown
1127	Close-grip supinated lat pulldown
1131	Cable glute extension
1132	Machine glute extension
1136	Neutral-grip chest pulldown
1137	High-pulley pullover
1138	Incline bench pulldown
1141	Arabesque
1143	Back extensión
1185	Triceps Pushdown
1186	One Arm Bent Row
1188	Side bend
1193	Russian Twist
1194	Pallof Press
1195	Side Slides + Squats
1196	Wall Drills
1200	Tibialis raises
1201	Dragon squat
1202	Side Lying Hip Abduction
1203	Calf raises, left leg
1204	Cycling cardio session
1205	Wrist curl, dumbbells
1207	Scorpion Kick
1208	Prisoner Squat
1209	Shoulder width three-point push-up
1210	Skydiver with arms in T-position
1215	Reverse Snow Angel
1216	Recruitment Pulls
1217	Finger Pushup
1218	knee push-ups
1219	Australian pull-ups
1223	Claps over the head
1224	Dumbbell drag curls
1225	Dumbbell wide bicep curls
1226	Dumbbell bicep curl to press
1227	Dumbbell rear delt row
1228	Dumbbell close grip bench press
1230	Triceps stretch left
1231	Triceps stretch right
1232	Standing biceps stretch left
1233	Standing biceps stretch right
1234	Dumbbell Single-leg Hip Thrust
1238	Frog stand
1239	Standing Calf Stretch
1240	Standing Soleus Stretch
1241	Exercise Band Dorsiflexion
1242	Exercise Band Plantarflexion
1243	Double Leg Calf Raise
1246	TRX roll out
1252	Front lever pull-up
1259	TRX Obliques
1260	TRX hammer curl
1261	TRX gorilla biceps curl
1262	Trx Single Arm Bicep Curl
1263	Back bridge
1266	TRX Tricep Extension
1269	TRX dips
1270	Low Pulley Cable Fly
1273	Pullover
1274	Sitting Calf Stretch (Dorsiflexion)
1275	Plantarflexion Stretch with Band
1280	Biceps Close Grip Pull Down
1282	Isometria trazioni impugnatura inversa
1283	Incline Chest-Supported Dumbbell Row
1284	Pseudo Planche Push-up
1285	Talons fesses
1286	Dynamic Planche
1287	Reach ups
1288	Dynamic side plank
1289	Seated Dumbbell Curls
1290	Reverse Grip Barbell Curls
1292	Reverse-grip pull-ups
1294	Single-leg hamstring curl
1296	Low-Cable Cross-Over - NB
1298	High-Cable Cross Tricep Extention - NB
1302	JM Press
1303	Helms Row
1304	Meadows Row
1307	Front Plank
1312	Bodyweight Squat HD
1314	Jumping Jack HD
1318	High Knee Skips HD
1320	Bench Dips On Floor HD
1324	Bodyweight lunge HD
1325	Lateral Push Off
1333	Forearm Curls (underhand grip)
1336	Triceps Overhead (Dumbbell)
1338	Shoulder Raise (Dumbbell)
1348	Lower Back Extensions
1353	Dumbbell Hex Press
1360	Double Kettlebell Clean and Press
1361	Double Kettlebell Front Squat
1363	Blackroll
1366	Dumbbell Split Squat
1370	Dumbbell Deadlift
1372	Triceps Dips (Assisted)
1373	box jumps
1374	Rotary Torso Machine
1376	Recumbent Bike
1377	Torso Twist
1378	Cable Lateral Raises (Single Arm)
1380	Band pull-aparts
1381	Upper Back
1384	Pullover Machine
1387	Hamstring Kicks
1388	Single Leg RDL
1390	Toe Touch
1391	Elephant Walks
1392	Good Morning
1393	Single Leg Hamstring Stretch
1394	Sit & Reach
1395	Crossbody Leg Swings
1396	Standing Pancake
1397	Standing Pancake Good Morning
1398	Hamstring Chokes
1399	Roll Down
1400	Crossbody Hamstring Stretch
1407	Cossack squat
1408	Wall-sit
1409	Dragon-flag
1410	Plank with Alternating Leg Lift
1411	Heel Touches
1412	bicycle crunches
1414	Hack Squats
1415	Dumbbell Crunches
1424	Biceps Curl Machine
1425	Toe Taps
1426	Standing Side Crunches
1429	Dumbbell Shoulder Rotations
1430	Plate Pinch Hold
1433	Reverse Wood Chops
1434	Lat Pull DB
1435	Scapula Pulls
1436	Pin Bench Press BB
1437	Pin Squat
1438	Clean
1439	Pin OHP
1440	Push OHP
1441	Incline OHP DB
1442	Kreis Press DB
1443	Shoulder Raise Side and Front DB
1445	Jerk OL
1446	Clean and Jerk OL
1447	Snatch OL
1448	Seated W Curl
1449	ClimbMill
1450	Cobra Stretch
1451	Torso rotation stretch
1452	Knee to Chest Stretch
1455	Towel Superman
1457	Cable Press Around
1458	Cross-Body Cable Y-Raise
1461	No Leg Drive Dumbbell Chest Press
1462	punches
1463	Dumbbell Underhand Dead Row
1464	Pause Hack Squats
1465	Spider Curl
1466	Calf Raise using Hack Squat Machine
1467	Incline Close Grip Barbell Bench Press
1468	Floor Skull Crusher
1469	Bent over Cable Flye
1470	1-Arm Half-Kneeling Lat Pulldown
1471	Kroc Row
1472	Cable Shrug-In
1473	Reverse Cable Flye
1474	W-Raise
1475	Black Widow Knee Slides
1476	Butterfly Sit Up
1477	Seated Corkscrew
1478	Levitation Crunch
1479	Sit Up Elbow Thrust
1480	Lying Triceps Extensions
1481	Drag Pushdown
1482	Dumbbell Cheat Curl
1483	Bizeps Curls Trifecta
1484	Omni Cable Cross-over
1485	Rocking Triceps Pushdown
1486	Alternating High Cable Row
1487	Hyper Y W Combo
1489	Plank Jacks
1490	Lying Triceps Kickback
1492	High Row
1493	Bayesian Curl
1496	DB Upper Chest Variation
1497	DB Underhand bench press
1498	Elbows Tucked DB Bench Press
1501	Alternative DB Gorilla rows
1502	DB Cross Body Hammer Curls
1503	Dumbbell Frog Press
1504	Dumbbell Bradford press
1508	High-Incline Smith Machine Press
1509	Cable Tricep Kickback
1510	Neutral Grip Lat Pulldown
1511	Kong Curl
1512	Drop Curl
1513	Overhead Cable Tricep Extension
1514	Lateral Walk
1515	Leg Press Toe Press
1516	Handstand
1519	Overhead Triceps Extension
1521	Pendular hack
1523	Sled Push
1524	Battle Ropes
1525	Ball Slams
1526	Ski Machine
1527	Pendulum Squat
1528	Glute Drive
1529	Toes to bar
1530	Lying Dumbbell Curls
1531	Cable Curls
1536	Delt Stretch
1537	Pull-up Isometric Hold
1545	Archer Pull Up
1546	Larsen Press
1548	Stair Master
1551	Push-Up
1554	Clap Push-UP
1556	Devil’s Press
1567	Alternating dumbbell hammer curl
1572	Bird Dog
1573	Ab wheel
1574	Schwimmen
1575	Standing Dowel Shoulder press
1576	Snap Down
1577	Bretzel stretch
1578	Hip hinge
1579	Bronco
1580	Perpendicular Unilateral Landmine Row
1581	Trap press
1582	Side-laying interior rotation
1583	Supine press
1584	March or jog in place
1589	Leg and hip stretch
1590	Arm and neck stretch
1591	Deep breathing (standing or seated)
1592	Guided or free meditation
1593	Smith Machine Split Squat
1602	Dumbbell Scaption
1606	Arm Raises (T/Y/I)
1607	Typewriter Pull-ups
1608	Bodyweight Biceps Curl
1612	kettlebell sumo deadlift
1613	rubber band glute kickback
1615	Treadmill Cardio
1616	Dumbbell donkey kick
1618	Stationary bike cardio
1620	Seated Dumbbell Calf Raise
1621	Unilateral Cable row
1630	Blaze
1634	Rope Pullover/row
1635	Modified pulldown
1637	Single arm row
1638	Barbell Clean and press
1639	Dumbbell Bent Over Face Pull
1640	Dumbbell Front Squat
1641	Kettlebell One Legged Deadlift
1642	Dumbbell Hip Thrust
1648	Weighted Crunch
1650	Dumbbell Side Bend
1651	Dumbbell Rear Lunge
1652	Dumbbell Romanian Deadlift
1653	Dumbbell Side Squat
1654	Machine Lateral Raise
1656	Cable Chest Press - Decline
1657	Preacher Curl - Internally Rotated
1658	Preacher Curl - Externally Rotated
1659	Lat Pulldown - Cross Body Single Arm
1660	Cable Chest Press - Incline
1661	Cable Triceps Press
1662	Cable Tri Extension - Internal Rotation
1666	Curl  - With Shoulder Elevated
1668	One Arm Overhead Cable Tricep Extension
1670	Leg Swings (Front–Back)
1672	Seated Hip Abduction
1679	Wall Angels
1680	seated figure four
1683	Zottman curl
1684	Dumbbell Thruster
1686	Glute Bridge Single-Arm Press
1687	Bear crawl pull through
1688	Kickstand RDL
1689	Cable Fly Middle Chest
1690	Cable Fly Upper Chest
1691	Cable Fly Lower Chest
1693	Incline Static Hold
1694	Flat Machine Press
1695	Pull-Ups (Wide Grip)
1696	Pull-Ups (Neutral Grip)
1698	Barbell Row (Overhand)
1699	Barbell Row (Underhand)
1700	Barbell Romanian Deadlift (RDL)
1701	One-Arm Heavy Row
1702	Jalón al pecho con agarre ancho
1703	Patadas traseras
1704	Tuck L-sit
1706	Bulgarian Squat with Dumbbells
1707	Elevación lateral polea
1709	Reverse Fly Standing
1710	Butchers Block Stretch
1711	Sleeper Stretch
1712	Horizontal Shoulder Flexion Stretch
1713	Doorway Pectoral Stretch
1714	Shoulder Dumbbell Pendular Exercise
1715	Shoulder External Rotation with Dumbbell
1716	Incline Shoulder Press Up
1717	Neck extension
1718	Remo alto polea alta
1719	Jalon caballero unialteral
1723	Glute Kickback (Machine)
1724	Standing Adduction (Cable)
1725	Seated Row (Machine)
1726	Straight-Arm Pulldown (Cable)
1727	Side Straight-Arm Pulldown (Cable)
1728	Shoulder Internal Rotation (Cable)
1729	Shoulder External Rotation (Cable)
1730	Side Lateral Raise (Cable)
1731	Front Raise (Cable)
1732	Face pulls with yellow/green band
1733	Isometric Squat to Failure
1734	Single-Leg Lunge with Kettlebell:
1735	Single-leg side glute press
1736	Single-Leg Deadlift with Dumbbell
1737	Assisted chin-ups
1738	Neutral-grip pull-ups or TRX rows
1739	Shrimp Squad
1740	Single Leg Glute Bridge
1741	L-Sit Pull-ups
1742	Back Lever
1743	Windshield Wipers
1745	Cable Front Raise with a small bar
1747	Smith machine squat
1748	Machine Hip Abduction
1751	Cable pull through
1752	Side lateral raise - Front (Cable)
1753	Side lateral raise - Back (Cable)
1754	45° lateral raises
1755	Shoulder Y-pull cable
1766	Plank Reach
1771	Wrist curl, cable
1772	Reverse crunch
1773	Legend Incline Bench Press
1774	Chair dips
1775	Pec deck rear delt fly
1776	Suitcase Carry
1777	Deficit Push ups
1778	Supino inclinado
1779	Landmine Rotation
1795	unilateral cross body cable pull down
1801	Barbell Full Squat
1803	Trap Bar Squat
1804	ankle dorsiflexion rocks
1807	Behind the Back Cable Lateral Raise
1808	Parallel Bar Hold
1809	Reverse Hyperextension
1810	Sphinx
1822	Open Book
1824	Dumbell Tate Press
1825	Chest-Supported Rear Delt Raise
1826	Band pull-apart with external rotation
1827	Double-Leg Abdominal Press
1828	Abdominal Draw-In
1829	Landmine Squat to Press
1830	Barbell Step Back Lunge
1831	Hammerstrength Decline Chest Press
1832	Ring Support Hold
1833	Floor Glider Hamstring Curls
1834	Trap-3 Raise
1835	External Rotation Stretch
1838	Banded Shoulder Drills
1839	Solo Hip Flexor Stretch
1840	Bent-Leg Hamstring Stretch
1841	Seated Shoulder Extension Stretch
1842	Banded Clamshell
1843	Butterfly Stretch
1844	Frog Stretch
1845	Seated Pancake Good Morning
1846	Horse Stance (Side Splits)
1847	Straddle L-Sit
1852	L-sit
1853	L-Sit (Foot Supported)
1854	Calves foam roller
1855	Hamstring Foam roller
1856	Foam Roller Anterior tibialis
1857	Foam Roller Iliotibial band
1858	Foam Roller quadriceps
1859	Foam Roller Gluteus
1860	Foam Roller Adductors
1861	Side stretch
1862	Hip Circles
1863	Hip Crossover
1864	Ankle Roll
1865	Banded Ankle Mobility
1867	Hip Flexor Stretch
1868	Lunge with Twist Stretch
1869	Lying Figure Four Stretch
1870	Lying Hamstring Stretch with Band
1872	Pigeon Stretch
1873	Quad Stretch
1874	Runners Lunge Stretch
1875	Standing IT Band Stretch
1876	Supported Calf Stretch
1877	Banded Scapular Retraction
1879	Incline DB Y-Raise
1881	DB Wrist Extension
1882	High-Cable Lateral Raise
1889	Decline Bench Leg Raise
1893	Overhead Barbell Press
1900	Tricep Rope Pushdowns
1901	Clean and Press
1902	Weighted push-ups
1904	Pec Deck
1905	Pullback
1906	Hip Bridge
1907	Unilateral Lunges
1908	Butterfly Superman
1909	Leg Wheel
1910	Kneeling Superman
1911	Cat Plank
1912	Core Rotation
1913	Unilateral Hip Thrust
1914	Isometria alle parallele
1915	Quadruped Hip Abduction
1916	Tuck planche
1918	Legend Chest Press
1919	Extreme Pec Stretch
1920	Extreme Shoulder Stretch
1921	Extreme Lat Stretch
1922	Seated Cable chest fly
1924	3008 Abdominal Crunch
1925	Barbell Silverback Shrug
1927	Inverted Lat Pull Down
1928	Seated V-Grip Row
1929	Assisted Pull-Up
1931	Dumbbell Curl
1933	Abdominal Crunch
1935	Belt Squat
1936	Cable Rear-Delt Fly (single arm)
1938	Cat-Cow
1939	Neck CARs
1940	Diaphragmatic Breathing
1947	dumbbell snatch
1948	1 Leg Box Squat
1949	Limber 11
1950	Foam Roll IT Band
1952	SMR Glutes (lax ball)
1953	Bent-knee Iron Cross
1954	Roll-overs into V-sits
1956	Fire Hydrant Circles
1959	Seated Piriformis Stretch
1960	Rear-foot-elevated Hip Flexor Stretch
1962	Step Jack
1963	Slow Squat
1964	Wide Push-Up
1965	Marching High Knees
1966	1/2 Kneeling Thoracic Rotation
1967	lento avanti seduto
1968	Single-arm dumbbell shoulder press
1969	Single-arm cable pushdown
1970	Kettlebell sumo high pull
1971	Mentzer Pulldown
2447	Hip Airplane
2448	Reverse Clamshell
2449	Clamshell to Reverse Clamshell
2452	Curl De Muñeca Con Barra
2454	YTW Raises
2478	Glute-Ham Raise
2480	Easy Continuous Swim (Freestyle)
2481	Kick with Board
2482	Bobbing Exhale Drill
2483	Wall-Hold Rotation
2484	Side-Kick Breathing (Kickboard)
2485	Stroke-and-Roll Drill
2486	Recovery Bobbing
2487	Cool-Down Swim
2488	Posterior Pelvic Tilt
2493	Adductor Side Plank
2494	Band Terminal Knee extension
2495	Machine Leg Flexion
2496	Wall Push-ups (Vasco L1)
2497	DB Floor Press (5kg Single Arm)
2498	Pike Push-ups (Vasco L1)
2499	Incline Push-ups (Vasco L2)
2501	Table Bodyweight Rows (Vasco L1)
2502	DB Single-Arm Row (5kg)
2503	Face Pulls (Bodyweight Doorframe/Towel)
2504	DB Hammer Curls (5kg)
2505	Dead Bug (Core L1)
2507	Forearm Plank (Core L1)
2508	Bird Dog (Core L1)
2509	Side Plank (Core L1)
2510	Hollow Body Hold (Core L1)
2522	Tricep Pull-Down
2523	Serratus Wall Slide Stretch
2524	Straddle Stance Good Morning
2525	Couch Stretch
2526	Long Lunge Pulse Stretch
2527	Front Split Stretch
2528	Squat Sky Reach Stretch
2529	explosive push ups
2530	Russian Push Ups
2531	elbow lever
2532	Planche Lean Hold
2533	Arch Hang
2534	(D) Puente de glúteos
2535	Leg Extension Isometric
2536	Bench Press Isometric
2537	Overhead Press Isometric
2538	Lateral Raise Isometric
2539	Preacher Curl Isometric
2540	Lat Pulldown Isometric
2541	Triceps Pushdown Isometric
2542	Boxing
2543	Wrist circles
